{
    "num_cells": 200,
    "cell_ratio": [
        0.8, 0.2, 0, 0
    ],
    "g_syn": [
        [0.01, 0.01, 0, 0],
        [0.02, 0.02, 0, 0],
        [0, 0, 0, 0],
        [0, 0, 0, 0]
    ],
    "p_syn": [
        [0.1, 0.1, 0, 0],
        [0.1, 0.1, 0, 0],
        [0, 0, 0, 0],
        [0, 0, 0, 0]
    ],
    "tau_r_stp": 10,
    "tau_in_stp": 50,
    "num_bck": 1000,
    "fr_bck": [3000, 3000, 0, 0],
    "g_bck": [
        [0.00001, 0.00001, 0, 0],
        [0.00, 0.00, 0, 0]
    ],
    "p_bck": [
        [0.1 , 0.1 , 0, 0],
        [0.00, 0.00, 0, 0]
    ],
    "max_time": 2000,
    "dt": 0.05,
    "tag": "data/test1"
}