{
    "num_cells": 500,
    "cell_type_ratio": [
        0.80000000000000004,
        0.20000000000000001
    ],
    "mean_degs, e->": [
        80,
        20
    ],
    "mean_degs, i->": [
        120,
        30
    ],
    "g_syn, e->": [
        0.02,
        0.02
    ],
    "g_syn, i->": [
        0.02,
        0.02
    ],
    "num_bck": 1000,
    "fr_bck": 1000,
    "p_bck": [
        0.10000000000000001,
        0.10000000000000001
    ],
    "g_bck": [
        0.0015,
        0.0015
    ],
    "dt": 0.050000000000000003,
    "tmax": 5000,
    "fs": 2000,
    "t_delay_m": 0,
    "t_delay_s": 0,
    "plasticity": 0,
    "bck_network_type": 0,
    "random_seed": 1000
}